{
  "phase": "3.8",
  "correct_predicting_feature": {
    "feature": {
      "idx": 14439,
      "layer": 16
    },
    "threshold_optimization": {
      "split": "hyperparameter",
      "n_samples": 97,
      "optimal_threshold": 10.810857830625592,
      "metrics": {
        "auroc": 0.6785714285714286,
        "f1": 0.5054945054945055,
        "precision": 0.36507936507936506,
        "recall": 0.8214285714285714,
        "threshold": 10.810857830625592,
        "threshold_range": [
          0.0,
          14.270332336425781
        ],
        "f1_curve": {
          "thresholds": [
            0.0,
            0.1441447710750079,
            0.2882895421500158,
            0.4324343132250237,
            0.5765790843000316,
            0.7207238553750395,
            0.8648686264500474,
            1.0090133975250553,
            1.1531581686000631,
            1.297302939675071,
            1.441447710750079,
            1.5855924818250868,
            1.7297372529000947,
            1.8738820239751026,
            2.0180267950501105,
            2.162171566125118,
            2.3063163372001263,
            2.4504611082751344,
            2.594605879350142,
            2.7387506504251498,
            2.882895421500158,
            3.027040192575166,
            3.1711849636501737,
            3.3153297347251813,
            3.4594745058001894,
            3.6036192768751976,
            3.7477640479502052,
            3.891908819025213,
            4.036053590100221,
            4.180198361175229,
            4.324343132250236,
            4.4684879033252445,
            4.612632674400253,
            4.756777445475261,
            4.900922216550269,
            5.045066987625276,
            5.189211758700284,
            5.333356529775292,
            5.4775013008502995,
            5.621646071925308,
            5.765790843000316,
            5.909935614075324,
            6.054080385150332,
            6.198225156225339,
            6.342369927300347,
            6.486514698375355,
            6.630659469450363,
            6.774804240525371,
            6.918949011600379,
            7.063093782675387,
            7.207238553750395,
            7.351383324825402,
            7.4955280959004105,
            7.639672866975419,
            7.783817638050426,
            7.927962409125434,
            8.072107180200442,
            8.21625195127545,
            8.360396722350458,
            8.504541493425466,
            8.648686264500473,
            8.792831035575482,
            8.936975806650489,
            9.081120577725498,
            9.225265348800505,
            9.369410119875512,
            9.513554890950521,
            9.657699662025529,
            9.801844433100538,
            9.945989204175545,
            10.090133975250552,
            10.234278746325561,
            10.378423517400568,
            10.522568288475576,
            10.666713059550585,
            10.810857830625592,
            10.955002601700599,
            11.099147372775608,
            11.243292143850615,
            11.387436914925624,
            11.531581686000631,
            11.675726457075639,
            11.819871228150648,
            11.964015999225655,
            12.108160770300664,
            12.252305541375671,
            12.396450312450678,
            12.540595083525687,
            12.684739854600695,
            12.828884625675702,
            12.97302939675071,
            13.117174167825718,
            13.261318938900725,
            13.405463709975734,
            13.549608481050742,
            13.69375325212575,
            13.837898023200758,
            13.982042794275765,
            14.126187565350774,
            14.270332336425781
          ],
          "f1_scores": [
            0.448,
            0.45161290322580644,
            0.45161290322580644,
            0.45161290322580644,
            0.45161290322580644,
            0.45161290322580644,
            0.45161290322580644,
            0.45161290322580644,
            0.45161290322580644,
            0.45161290322580644,
            0.45161290322580644,
            0.45161290322580644,
            0.45161290322580644,
            0.45161290322580644,
            0.45161290322580644,
            0.45161290322580644,
            0.45161290322580644,
            0.45161290322580644,
            0.45161290322580644,
            0.45161290322580644,
            0.45161290322580644,
            0.45161290322580644,
            0.45161290322580644,
            0.45161290322580644,
            0.45161290322580644,
            0.45161290322580644,
            0.45161290322580644,
            0.45161290322580644,
            0.45161290322580644,
            0.45161290322580644,
            0.45161290322580644,
            0.45161290322580644,
            0.45161290322580644,
            0.45161290322580644,
            0.45161290322580644,
            0.45161290322580644,
            0.45161290322580644,
            0.45161290322580644,
            0.45161290322580644,
            0.45161290322580644,
            0.45161290322580644,
            0.45161290322580644,
            0.45161290322580644,
            0.45161290322580644,
            0.45161290322580644,
            0.45161290322580644,
            0.45161290322580644,
            0.45161290322580644,
            0.45161290322580644,
            0.45161290322580644,
            0.45161290322580644,
            0.45161290322580644,
            0.45161290322580644,
            0.45528455284552843,
            0.45528455284552843,
            0.45528455284552843,
            0.45901639344262296,
            0.45901639344262296,
            0.45901639344262296,
            0.45901639344262296,
            0.4628099173553719,
            0.4628099173553719,
            0.4666666666666667,
            0.453781512605042,
            0.4576271186440678,
            0.46551724137931033,
            0.46017699115044247,
            0.4727272727272727,
            0.48148148148148145,
            0.4716981132075472,
            0.4807692307692308,
            0.47058823529411764,
            0.4742268041237113,
            0.4791666666666667,
            0.48936170212765956,
            0.5054945054945055,
            0.4883720930232558,
            0.47619047619047616,
            0.4935064935064935,
            0.4594594594594595,
            0.4657534246575342,
            0.4722222222222222,
            0.463768115942029,
            0.47761194029850745,
            0.49230769230769234,
            0.47619047619047616,
            0.45901639344262296,
            0.4642857142857143,
            0.4642857142857143,
            0.5,
            0.4897959183673469,
            0.45454545454545453,
            0.43902439024390244,
            0.41025641025641024,
            0.3684210526315789,
            0.2777777777777778,
            0.12903225806451613,
            0.12903225806451613,
            0.13333333333333333,
            0.06896551724137931
          ]
        }
      }
    },
    "validation_metrics": {
      "split": "validation",
      "n_samples": 388,
      "metrics": {
        "auroc": 0.6430337221095335,
        "f1": 0.5039370078740157,
        "precision": 0.3622641509433962,
        "recall": 0.8275862068965517,
        "threshold": 10.810857830625592
      }
    }
  },
  "incorrect_predicting_feature": {
    "feature": {
      "idx": 5441,
      "layer": 19
    },
    "threshold_optimization": {
      "split": "hyperparameter",
      "n_samples": 97,
      "optimal_threshold": 15.508569659608781,
      "metrics": {
        "auroc": 0.6811594202898551,
        "f1": 0.8343558282208589,
        "precision": 0.723404255319149,
        "recall": 0.9855072463768116,
        "threshold": 15.508569659608781,
        "threshold_range": [
          0.0,
          25.589139938354492
        ],