{
  "all_texts_identical": true,
  "all_activations_identical": true,
  "percent_varying_positions": 9.244791666666668,
  "mean_std": 8.525805839099121e-09,
  "max_std": 9.5367431640625e-07,
  "n_runs": 5,
  "temperature": 0.0,
  "layer_idx": 8
}