{
  "incorrect_direction": {
    "embedding": 13.5625,
    "layer_0_attn_o": 0.46484375,
    "layer_0_mlp_down": 0.7109375,
    "layer_1_attn_o": 0.466796875,
    "layer_1_mlp_down": 0.69140625,
    "layer_2_attn_o": 0.49609375,
    "layer_2_mlp_down": 0.70703125,
    "layer_3_attn_o": 0.458984375,
    "layer_3_mlp_down": 0.75390625,
    "layer_4_attn_o": 0.455078125,
    "layer_4_mlp_down": 0.7109375,
    "layer_5_attn_o": 0.50390625,
    "layer_5_mlp_down": 0.69140625,
    "layer_6_attn_o": 0.466796875,
    "layer_6_mlp_down": 0.7109375,
    "layer_7_attn_o": 0.478515625,
    "layer_7_mlp_down": 0.7265625,
    "layer_8_attn_o": 0.51953125,
    "layer_8_mlp_down": 0.7109375,
    "layer_9_attn_o": 0.515625,
    "layer_9_mlp_down": 0.69921875,
    "layer_10_attn_o": 0.490234375,
    "layer_10_mlp_down": 0.69140625,
    "layer_11_attn_o": 0.48828125,
    "layer_11_mlp_down": 0.68359375,
    "layer_12_attn_o": 0.48828125,
    "layer_12_mlp_down": 0.68359375,
    "layer_13_attn_o": 0.48046875,
    "layer_13_mlp_down": 0.69140625,
    "layer_14_attn_o": 0.455078125,
    "layer_14_mlp_down": 0.703125,
    "layer_15_attn_o": 0.50390625,
    "layer_15_mlp_down": 0.703125,
    "layer_16_attn_o": 0.515625,
    "layer_16_mlp_down": 0.70703125,
    "layer_17_attn_o": 0.5234375,
    "layer_17_mlp_down": 0.7109375,
    "layer_18_attn_o": 0.66015625,
    "layer_18_mlp_down": 0.6953125,
    "layer_19_attn_o": 0.5078125,
    "layer_19_mlp_down": 0.74609375,
    "layer_20_attn_o": 0.5703125,
    "layer_20_mlp_down": 0.85546875,
    "layer_21_attn_o": 0.51171875,
    "layer_21_mlp_down": 0.94140625,
    "layer_22_attn_o": 0.427734375,
    "layer_22_mlp_down": 1.109375,
    "layer_23_attn_o": 0.734375,
    "layer_23_mlp_down": 1.078125,
    "layer_24_attn_o": 0.482421875,
    "layer_24_mlp_down": 0.8203125,
    "layer_25_attn_o": 0.65234375,
    "layer_25_mlp_down": 0.67578125
  },
  "correct_direction": {
    "embedding": 19.875,
    "layer_0_attn_o": 0.494140625,
    "layer_0_mlp_down": 0.73828125,
    "layer_1_attn_o": 0.52734375,
    "layer_1_mlp_down": 0.7265625,
    "layer_2_attn_o": 0.49609375,
    "layer_2_mlp_down": 0.73828125,
    "layer_3_attn_o": 0.51171875,
    "layer_3_mlp_down": 0.71484375,
    "layer_4_attn_o": 0.48828125,
    "layer_4_mlp_down": 0.7265625,
    "layer_5_attn_o": 0.5078125,
    "layer_5_mlp_down": 0.69140625,
    "layer_6_attn_o": 0.5,
    "layer_6_mlp_down": 0.69921875,
    "layer_7_attn_o": 0.484375,
    "layer_7_mlp_down": 0.70703125,
    "layer_8_attn_o": 0.5,
    "layer_8_mlp_down": 0.7265625,
    "layer_9_attn_o": 0.486328125,
    "layer_9_mlp_down": 0.7265625,
    "layer_10_attn_o": 0.5,
    "layer_10_mlp_down": 0.71484375,
    "layer_11_attn_o": 0.462890625,
    "layer_11_mlp_down": 0.703125,
    "layer_12_attn_o": 0.494140625,
    "layer_12_mlp_down": 0.70703125,
    "layer_13_attn_o": 0.490234375,
    "layer_13_mlp_down": 0.7109375,
    "layer_14_attn_o": 0.48046875,
    "layer_14_mlp_down": 0.71484375,
    "layer_15_attn_o": 0.455078125,
    "layer_15_mlp_down": 0.703125,
    "layer_16_attn_o": 0.41796875,
    "layer_16_mlp_down": 0.703125,
    "layer_17_attn_o": 0.4765625,
    "layer_17_mlp_down": 0.69921875,
    "layer_18_attn_o": 0.466796875,
    "layer_18_mlp_down": 0.703125,
    "layer_19_attn_o": 0.484375,
    "layer_19_mlp_down": 0.71484375,
    "layer_20_attn_o": 0.5,
    "layer_20_mlp_down": 0.70703125,
    "layer_21_attn_o": 0.46875,
    "layer_21_mlp_down": 0.72265625,
    "layer_22_attn_o": 0.470703125,
    "layer_22_mlp_down": 0.703125,
    "layer_23_attn_o": 0.51171875,
    "layer_23_mlp_down": 0.71875,
    "layer_24_attn_o": 0.51171875,
    "layer_24_mlp_down": 0.73046875,
    "layer_25_attn_o": 0.455078125,
    "layer_25_mlp_down": 0.6875
  }
}