{
  "creation_timestamp": "2025-11-26T07:47:42.322371",
  "best_layers": null,
  "extraction_layers": [],
  "temperatures": [
    0.2,
    0.4,
    0.6,
    0.8,
    1.0,
    1.2,
    1.4
  ],
  "samples_per_temperature": 3,
  "validation_task_ids": [
    0,
    1,
    2,
    3,
    4,
    5,
    6,
    7,
    8,
    9,
    10,
    11,
    12,
    13,
    14,
    15,
    16,
    17,
    18,
    19,
    20,
    21,
    22,
    23,
    24,
    25,
    26,
    27,
    28,
    29,
    30,
    31,
    32,
    33,
    34,
    35,
    36,
    37,
    38,
    39,
    40,
    41,
    42,
    43,
    44,
    45,
    46,
    47,
    48,
    49,
    50,
    51,
    52,
    53,
    54,
    55,
    56,
    57,
    58,
    59,
    60,
    61,
    62,
    63,
    64,
    65,
    66,
    67,
    68,
    69,
    70,
    71,
    72,
    73,
    74,
    75,
    76,
    77,
    78,
    79,
    80,
    81,
    82,
    83,
    84,
    85,
    86,
    87,
    88,
    89,
    90,
    91,
    92,
    93,
    94,
    95,
    96,
    97,
    98,
    99,
    100,
    101,
    102,
    103,
    104,
    105,
    106,
    107,
    108,
    109,
    110,
    111,
    112,
    113,
    114,
    115,
    116,
    117,
    118,
    119,
    120,
    121,
    122,
    123,
    124,
    125,
    126,
    127,
    128,
    129,
    130,
    131,
    132,
    133,
    134,
    135,
    136,
    137,
    138,
    139,
    140,
    141,
    142,
    143,
    144,
    145,
    146,
    147,
    148,
    149,
    150,
    151,
    152,
    153,
    154,
    155,
    156,
    157,
    158,
    159,
    160,
    161,
    162,
    163
  ],
  "n_tasks_attempted": 164,
  "n_tasks_included": 164,
  "n_tasks_excluded": 0,
  "exclusion_rate_percent": 0.0,
  "excluded_task_ids": [],
  "n_total_samples": 3444,
  "temperature_stats": {
    "0.2": {
      "n_correct": 72,
      "n_incorrect": 420,
      "pass_rate": 0.14634146341463414,
      "avg_generation_time": 16.042409242653264
    },
    "0.4": {
      "n_correct": 62,
      "n_incorrect": 430,
      "pass_rate": 0.12601626016260162,
      "avg_generation_time": 14.910685218931214
    },
    "0.6": {
      "n_correct": 48,
      "n_incorrect": 444,
      "pass_rate": 0.0975609756097561,
      "avg_generation_time": 14.45988184068261
    },
    "0.8": {
      "n_correct": 22,
      "n_incorrect": 470,
      "pass_rate": 0.044715447154471545,
      "avg_generation_time": 14.215325337599932
    },
    "1.0": {
      "n_correct": 8,
      "n_incorrect": 484,
      "pass_rate": 0.016260162601626018,
      "avg_generation_time": 16.524451084253265
    },
    "1.2": {
      "n_correct": 4,
      "n_incorrect": 488,
      "pass_rate": 0.008130081300813009,
      "avg_generation_time": 20.02588745975882
    },
    "1.4": {
      "n_correct": 0,
      "n_incorrect": 492,
      "pass_rate": 0.0,
      "avg_generation_time": 20.837520782055893
    }
  }
}