{
  "creation_timestamp": "2025-09-23T17:37:11.251894",
  "best_layers": {
    "correct": 16,
    "incorrect": 19,
    "correct_feature_idx": 14439,
    "incorrect_feature_idx": 5441
  },
  "extraction_layers": [
    16,
    19
  ],
  "temperature": 0.0,
  "hyperparams_task_ids": [
    28,
    42,
    53,
    65,
    67,
    68,
    69,
    75,
    78,
    88,
    106,
    116,
    131,
    146,
    158,
    168,
    169,
    178,
    180,
    181,
    196,
    198,
    203,
    222,
    233,
    245,
    264,
    275,
    281,
    295,
    300,
    302,
    303,
    314,
    324,
    328,
    329,
    334,
    338,
    340,
    342,
    343,
    350,
    380,
    394,
    403,
    413,
    415,
    423,
    438,
    465,
    482,
    493,
    532,
    535,
    552,
    553,
    564,
    572,
    576,
    610,
    628,
    642,
    648,
    691,
    694,
    699,
    721,
    732,
    747,
    749,
    764,
    777,
    808,
    818,
    823,
    824,
    825,
    829,
    838,
    845,
    846,
    848,
    882,
    888,
    906,
    914,
    916,
    917,
    920,
    929,
    942,
    947,
    954,
    955,
    960,
    961
  ],
  "n_tasks_attempted": 97,
  "n_tasks_included": 97,
  "n_tasks_excluded": 0,
  "exclusion_rate_percent": 0.0,
  "excluded_task_ids": [],
  "n_total_samples": 97,
  "stats": {
    "n_correct": 28,
    "n_incorrect": 69,
    "pass_rate": 0.28865979381443296,
    "avg_generation_time": 17.022764459098738
  }
}