{
  "phase": "8.3",
  "timestamp": "2025-11-19T14:55:01.673559",
  "threshold_info": {
    "layer": 19,
    "feature": 5441,
    "threshold": 22.2768856048584
  },
  "steering_info": {
    "layer": 16,
    "feature": 11225,
    "coefficient": 29
  },
  "correction_experiment": {
    "total_problems": 272,
    "valid_problems": 272,
    "n_steered": 21,
    "n_not_steered": 251,
    "n_corrected": 0,
    "correction_rate": 0.0,
    "steering_trigger_rate": 0.0772,
    "correction_efficiency": 0.0,
    "activation_stats": {
      "mean": 19.492815936312955,
      "std": 1.9064615237287754,
      "min": 14.405061721801758,
      "max": 25.8946475982666,
      "threshold": 22.2768856048584
    }
  },
  "preservation_experiment": {
    "total_problems": 116,
    "valid_problems": 116,
    "n_steered": 1,
    "n_not_steered": 115,
    "n_preserved": 115,
    "n_corrupted": 1,
    "preservation_rate": 0.9914,
    "corruption_rate": 0.0086,
    "steering_avoidance_rate": 0.9914,
    "activation_stats": {
      "mean": 18.393042103997594,
      "std": 1.6689495261277443,
      "min": 14.243547439575195,
      "max": 23.394922256469727,
      "threshold": 22.2768856048584
    }
  },
  "combined_metrics": {
    "total_problems": 388,
    "total_steered": 22,
    "overall_steering_rate": 0.0567,
    "comparison_to_phase4_8": {
      "phase4_8_correction_rate": 0.0404,
      "phase4_8_corruption_rate": 0.1466,
      "note": "Phase 4.8 values are from always-steering approach"
    }
  }
}