{
  "zero_disc_feature": {
    "layer": 1,
    "feature_idx": 4801,
    "separation_score": 0.0,
    "freq_correct": 1.0,
    "freq_incorrect": 1.0
  },
  "weight_changes": {
    "embedding": 24.5,
    "layer_0_attn_o": 0.546875,
    "layer_0_mlp_down": 1.1484375,
    "layer_1_attn_o": 0.58984375,
    "layer_1_mlp_down": 1.109375,
    "layer_2_attn_o": 0.71484375,
    "layer_2_mlp_down": 0.69140625,
    "layer_3_attn_o": 0.62890625,
    "layer_3_mlp_down": 0.68359375,
    "layer_4_attn_o": 0.5078125,
    "layer_4_mlp_down": 0.67578125,
    "layer_5_attn_o": 0.6015625,
    "layer_5_mlp_down": 0.6796875,
    "layer_6_attn_o": 0.515625,
    "layer_6_mlp_down": 0.7265625,
    "layer_7_attn_o": 0.58203125,
    "layer_7_mlp_down": 0.703125,
    "layer_8_attn_o": 0.50390625,
    "layer_8_mlp_down": 0.703125,
    "layer_9_attn_o": 0.66015625,
    "layer_9_mlp_down": 0.6953125,
    "layer_10_attn_o": 0.625,
    "layer_10_mlp_down": 0.69921875,
    "layer_11_attn_o": 0.53515625,
    "layer_11_mlp_down": 0.6875,
    "layer_12_attn_o": 0.58984375,
    "layer_12_mlp_down": 0.703125,
    "layer_13_attn_o": 0.546875,
    "layer_13_mlp_down": 0.67578125,
    "layer_14_attn_o": 0.51953125,
    "layer_14_mlp_down": 0.6875,
    "layer_15_attn_o": 0.5234375,
    "layer_15_mlp_down": 0.69921875,
    "layer_16_attn_o": 0.447265625,
    "layer_16_mlp_down": 0.66796875,
    "layer_17_attn_o": 0.482421875,
    "layer_17_mlp_down": 0.6875,
    "layer_18_attn_o": 0.490234375,
    "layer_18_mlp_down": 0.6796875,
    "layer_19_attn_o": 0.490234375,
    "layer_19_mlp_down": 0.69140625,
    "layer_20_attn_o": 0.484375,
    "layer_20_mlp_down": 0.6953125,
    "layer_21_attn_o": 0.486328125,
    "layer_21_mlp_down": 0.6953125,
    "layer_22_attn_o": 0.482421875,
    "layer_22_mlp_down": 0.6875,
    "layer_23_attn_o": 0.482421875,
    "layer_23_mlp_down": 0.6953125,
    "layer_24_attn_o": 0.490234375,
    "layer_24_mlp_down": 0.69921875,
    "layer_25_attn_o": 0.453125,
    "layer_25_mlp_down": 0.671875
  }
}