{
  "timestamp": "2025-11-24T10:49:14.803232",
  "config": {
    "model": "google/gemma-2-2b",
    "target_weights": [
      "embed",
      "attn_o",
      "mlp_down"
    ],
    "n_validation_problems": 164,
    "n_correct_baseline": 25,
    "n_incorrect_baseline": 139
  },
  "zero_disc_orthogonalization": {
    "feature": {
      "layer": 1,
      "feature_idx": 4801,
      "separation_score": 0.0,
      "freq_correct": 1.0,
      "freq_incorrect": 1.0
    },
    "weight_changes": {
      "embedding": 24.5,
      "layer_0_attn_o": 0.546875,
      "layer_0_mlp_down": 1.1484375,
      "layer_1_attn_o": 0.58984375,
      "layer_1_mlp_down": 1.109375,
      "layer_2_attn_o": 0.71484375,
      "layer_2_mlp_down": 0.69140625,
      "layer_3_attn_o": 0.62890625,
      "layer_3_mlp_down": 0.68359375,
      "layer_4_attn_o": 0.5078125,
      "layer_4_mlp_down": 0.67578125,
      "layer_5_attn_o": 0.6015625,
      "layer_5_mlp_down": 0.6796875,
      "layer_6_attn_o": 0.515625,
      "layer_6_mlp_down": 0.7265625,
      "layer_7_attn_o": 0.58203125,
      "layer_7_mlp_down": 0.703125,
      "layer_8_attn_o": 0.50390625,
      "layer_8_mlp_down": 0.703125,
      "layer_9_attn_o": 0.66015625,
      "layer_9_mlp_down": 0.6953125,
      "layer_10_attn_o": 0.625,
      "layer_10_mlp_down": 0.69921875,
      "layer_11_attn_o": 0.53515625,
      "layer_11_mlp_down": 0.6875,
      "layer_12_attn_o": 0.58984375,
      "layer_12_mlp_down": 0.703125,
      "layer_13_attn_o": 0.546875,
      "layer_13_mlp_down": 0.67578125,
      "layer_14_attn_o": 0.51953125,
      "layer_14_mlp_down": 0.6875,
      "layer_15_attn_o": 0.5234375,
      "layer_15_mlp_down": 0.69921875,
      "layer_16_attn_o": 0.447265625,
      "layer_16_mlp_down": 0.66796875,
      "layer_17_attn_o": 0.482421875,
      "layer_17_mlp_down": 0.6875,
      "layer_18_attn_o": 0.490234375,
      "layer_18_mlp_down": 0.6796875,
      "layer_19_attn_o": 0.490234375,
      "layer_19_mlp_down": 0.69140625,
      "layer_20_attn_o": 0.484375,
      "layer_20_mlp_down": 0.6953125,
      "layer_21_attn_o": 0.486328125,
      "layer_21_mlp_down": 0.6953125,
      "layer_22_attn_o": 0.482421875,
      "layer_22_mlp_down": 0.6875,
      "layer_23_attn_o": 0.482421875,
      "layer_23_mlp_down": 0.6953125,
      "layer_24_attn_o": 0.490234375,
      "layer_24_mlp_down": 0.69921875,
      "layer_25_attn_o": 0.453125,
      "layer_25_mlp_down": 0.671875
    },
    "metrics": {
      "correction_rate": 5.755395683453238,
      "preservation_rate": 92.0,
      "corruption_rate": 8.0,
      "avg_similarity_score": 0.8895238929033704,
      "n_incorrect_baseline": 139,
      "n_corrected": 8,
      "n_correct_baseline": 25,
      "n_preserved": 23,
      "n_corrupted": 2
    },
    "examples": {
      "corrected": [
        {
          "task_id": 9,
          "baseline_passed": false,
          "orthogonalized_passed": true,
          "baseline_code": "def rolling_max(numbers: List[int]) -> List[int]:\n    \"\"\" From a given list of integers, generate a list of rolling maximum element found until given moment\n    in the sequence.\n    >>> rolling_max([1, 2, 3, 2, 3, 4, 2])\n    [1, 2, 3, 3, 3, 4, 4]\n    \"\"\"\n    max_so_far = numbers[0]\n    max_so_far_index = 0\n    for i in range(1, len(numbers)):\n        if numbers[i] > max_so_far:\n            max_so_far = numbers[i]\n            max_so_far_index = i\n    return [max_so_far] + rolling_max(numbers[max_so_far_index + 1:])",
          "orthogonalized_code": "def rolling_max(numbers: List[int]) -> List[int]:\n    \"\"\" From a given list of integers, generate a list of rolling maximum element found until given moment\n    in the sequence.\n    >>> rolling_max([1, 2, 3, 2, 3, 4, 2])\n    [1, 2, 3, 3, 3, 4, 4]\n    \"\"\"\n    return [max(numbers[0:i + 1]) for i in range(len(numbers))]"
        },
        {
          "task_id": 16,
          "baseline_passed": false,
          "orthogonalized_passed": true,
          "baseline_code": "# 1. Create a dictionary to store the characters and their counts",
          "orthogonalized_code": "def count_distinct_characters(string: str) -> int:\n    \"\"\" Given a string, find out how many distinct characters (regardless of case) does it consist of\n    >>> count_distinct_characters('xyzXYZ')\n    3\n    >>> count_distinct_characters('Jerry')\n    4\n    >>> count_distinct_characters('Jerry jERRY JeRRRY')\n    5\n    \"\"\"\n    return len(set(string.lower()))"
        },
        {
          "task_id": 39,
          "baseline_passed": false,
          "orthogonalized_passed": true,
          "baseline_code": "def prime_fib(n: int):\n    \"\"\"\n    prime_fib returns n-th number that is a Fibonacci number and it's also prime.\n    >>> prime_fib(1)\n    2\n    >>> prime_fib(2)\n    3\n    >>> prime_fib(3)\n    5\n    >>> prime_fib(4)\n    13\n    >>> prime_fib(5)\n    89\n    >>> prime_fib(6)\n    233\n    >>> prime_fib(7)\n    1597\n    >>> prime_fib(8)\n    28657\n    >>> prime_fib(9)\n    514229\n    >>> prime_fib(10)\n    433494437\n    \"\"\"\n    fib = [0, 1]\n    for i in range(2, n + 1):\n        fib.append(fib[i - 1] + fib[i - 2])\n    return fib[n]",
          "orthogonalized_code": "def prime_fib(n: int):\n    \"\"\"\n    prime_fib returns n-th number that is a Fibonacci number and it's also prime.\n    >>> prime_fib(1)\n    2\n    >>> prime_fib(2)\n    3\n    >>> prime_fib(3)\n    5\n    >>> prime_fib(4)\n    13\n    >>> prime_fib(5)\n    89\n    >>> prime_fib(6)\n    233\n    >>> prime_fib(7)\n    1597\n    >>> prime_fib(8)\n    28657\n    >>> prime_fib(9)\n    514229\n    >>> prime_fib(10)\n    433494437\n    \"\"\"\n    if n == 1:\n        return 2\n    elif n == 2:\n        return 3\n    elif n == 3:\n        return 5\n    elif n == 4:\n        return 13\n    elif n == 5:\n        return 89\n    elif n == 6:\n        return 233\n    elif n == 7:\n        return 1597\n    elif n == 8:\n        return 28657\n    elif n == 9:\n        return 514229\n    elif n == 10:\n        return 433494437\n    else:\n        return 0"
        },
        {
          "task_id": 49,
          "baseline_passed": false,
          "orthogonalized_passed": true,
          "baseline_code": "# def modp(n, p):",
          "orthogonalized_code": "def modp(n, p):\n    return (2**n) % p"
        },
        {
          "task_id": 55,
          "baseline_passed": false,
          "orthogonalized_passed": true,
          "baseline_code": "# def fib(n: int):",
          "orthogonalized_code": "def fib(n: int) -> int:\n    \"\"\"Return n-th Fibonacci number.\n    >>> fib(10)\n    55\n    >>> fib(1)\n    1\n    >>> fib(8)\n    21\n    >>> fib(11)\n    89\n    >>> fib(12)\n    144\n    \"\"\"\n    if n == 1:\n        return 1\n    elif n == 2:\n        return 1\n    else:\n        return fib(n-1) + fib(n-2)"
        }
      ],
      "not_corrected": [
        {
          "task_id": 0,
          "baseline_passed": false,
          "orthogonalized_passed": false,
          "baseline_code": "def has_close_elements(numbers: List[float], threshold: float) -> bool:\n    \"\"\" Check if in given list of numbers, are any two numbers closer to each other than\n    given threshold.\n    >>> has_close_elements([1.0, 2.0, 3.0], 0.5)\n    False\n    >>> has_close_elements([1.0, 2.8, 3.0, 4.0, 5.0, 2.0], 0.3)\n    True\n    \"\"\"\n    for i in range(len(numbers) - 1):\n        if abs(numbers[i] - numbers[i + 1]) < threshold:\n            return True\n    return False",
          "orthogonalized_code": "def has_close_elements(numbers: List[float], threshold: float) -> bool:\n    \"\"\" Check if in given list of numbers, are any two numbers closer to each other than\n    given threshold.\n    >>> has_close_elements([1.0, 2.0, 3.0], 0.5)\n    False\n    >>> has_close_elements([1.0, 2.8, 3.0, 4.0, 5.0, 2.0], 0.3)\n    True\n    \"\"\"\n    return any(abs(n1 - n2) <= threshold for n1, n2 in zip(numbers, numbers[1:]))"
        },
        {
          "task_id": 1,