{
  "phase": "3.8",
  "correct_predicting_feature": {
    "feature": {
      "idx": 14439,
      "layer": 16
    },
    "threshold_optimization": {
      "split": "hyperparameter",
      "n_samples": 97,
      "optimal_threshold": 10.810860720547762,
      "metrics": {
        "auroc": 0.6785714285714286,
        "f1": 0.5054945054945055,
        "precision": 0.36507936507936506,
        "recall": 0.8214285714285714,
        "threshold": 10.810860720547762,
        "threshold_range": [
          0.0,
          14.270336151123047
        ],
        "f1_curve": {
          "thresholds": [
            0.0,
            0.1441448096073035,
            0.288289619214607,
            0.4324344288219105,
            0.576579238429214,
            0.7207240480365175,
            0.864868857643821,
            1.0090136672511245,
            1.153158476858428,
            1.2973032864657315,
            1.441448096073035,
            1.5855929056803384,
            1.729737715287642,
            1.8738825248949456,
            2.018027334502249,
            2.1621721441095523,
            2.306316953716856,
            2.4504617633241597,
            2.594606572931463,
            2.7387513825387666,
            2.88289619214607,
            3.0270410017533735,
            3.171185811360677,
            3.3153306209679805,
            3.459475430575284,
            3.6036202401825874,
            3.747765049789891,
            3.8919098593971944,
            4.036054669004498,
            4.180199478611802,
            4.3243442882191045,
            4.468489097826408,
            4.612633907433712,
            4.756778717041016,
            4.900923526648319,
            5.045068336255622,
            5.189213145862926,
            5.3333579554702295,
            5.477502765077533,
            5.621647574684836,
            5.76579238429214,
            5.909937193899443,
            6.054082003506747,
            6.198226813114051,
            6.342371622721354,
            6.486516432328657,
            6.630661241935961,
            6.774806051543265,
            6.918950861150568,
            7.063095670757871,
            7.207240480365175,
            7.3513852899724785,
            7.495530099579782,
            7.639674909187085,
            7.783819718794389,
            7.927964528401692,
            8.072109338008996,
            8.216254147616299,
            8.360398957223603,
            8.504543766830906,
            8.648688576438209,
            8.792833386045514,
            8.936978195652816,
            9.081123005260121,
            9.225267814867424,
            9.369412624474727,
            9.513557434082031,
            9.657702243689334,
            9.801847053296639,
            9.945991862903941,
            10.090136672511244,
            10.234281482118549,
            10.378426291725852,
            10.522571101333156,
            10.666715910940459,
            10.810860720547762,
            10.955005530155066,
            11.09915033976237,
            11.243295149369672,
            11.387439958976977,
            11.53158476858428,
            11.675729578191584,
            11.819874387798887,
            11.96401919740619,
            12.108164007013494,
            12.252308816620797,
            12.396453626228102,
            12.540598435835404,
            12.684743245442707,
            12.828888055050012,
            12.973032864657315,
            13.11717767426462,
            13.261322483871922,
            13.405467293479225,
            13.54961210308653,
            13.693756912693832,
            13.837901722301137,
            13.98204653190844,
            14.126191341515742,
            14.270336151123047
          ],
          "f1_scores": [
            0.448,
            0.45161290322580644,
            0.45161290322580644,
            0.45161290322580644,
            0.45161290322580644,
            0.45161290322580644,
            0.45161290322580644,
            0.45161290322580644,
            0.45161290322580644,
            0.45161290322580644,
            0.45161290322580644,
            0.45161290322580644,
            0.45161290322580644,
            0.45161290322580644,
            0.45161290322580644,
            0.45161290322580644,
            0.45161290322580644,
            0.45161290322580644,
            0.45161290322580644,
            0.45161290322580644,
            0.45161290322580644,
            0.45161290322580644,
            0.45161290322580644,
            0.45161290322580644,
            0.45161290322580644,
            0.45161290322580644,
            0.45161290322580644,
            0.45161290322580644,
            0.45161290322580644,
            0.45161290322580644,
            0.45161290322580644,
            0.45161290322580644,
            0.45161290322580644,
            0.45161290322580644,
            0.45161290322580644,
            0.45161290322580644,
            0.45161290322580644,
            0.45161290322580644,
            0.45161290322580644,
            0.45161290322580644,
            0.45161290322580644,
            0.45161290322580644,
            0.45161290322580644,
            0.45161290322580644,
            0.45161290322580644,
            0.45161290322580644,
            0.45161290322580644,
            0.45161290322580644,
            0.45161290322580644,
            0.45161290322580644,
            0.45161290322580644,
            0.45161290322580644,
            0.45161290322580644,
            0.45528455284552843,
            0.45528455284552843,
            0.45528455284552843,
            0.45901639344262296,
            0.45901639344262296,
            0.45901639344262296,
            0.45901639344262296,
            0.4628099173553719,
            0.4628099173553719,
            0.4666666666666667,
            0.453781512605042,
            0.4576271186440678,
            0.46551724137931033,
            0.46017699115044247,
            0.4727272727272727,
            0.48148148148148145,
            0.4716981132075472,
            0.4807692307692308,
            0.47058823529411764,
            0.4742268041237113,
            0.4791666666666667,
            0.48936170212765956,
            0.5054945054945055,
            0.4883720930232558,
            0.47619047619047616,
            0.4935064935064935,
            0.4594594594594595,
            0.4657534246575342,
            0.4722222222222222,
            0.463768115942029,
            0.47761194029850745,
            0.49230769230769234,
            0.47619047619047616,
            0.45901639344262296,
            0.4642857142857143,
            0.4642857142857143,
            0.5,
            0.4897959183673469,
            0.45454545454545453,
            0.43902439024390244,
            0.41025641025641024,
            0.3684210526315789,
            0.2777777777777778,
            0.12903225806451613,
            0.12903225806451613,
            0.13333333333333333,
            0.06896551724137931
          ]
        }
      }
    },
    "validation_metrics": {
      "split": "validation",
      "n_samples": 164,
      "metrics": {
        "auroc": 0.22964028776978418,
        "f1": 0.07142857142857142,
        "precision": 0.3333333333333333,
        "recall": 0.04,
        "threshold": 10.810860720547762
      }
    }
  },
  "incorrect_predicting_feature": {
    "feature": {
      "idx": 5441,
      "layer": 19
    },
    "threshold_optimization": {
      "split": "hyperparameter",
      "n_samples": 97,
      "optimal_threshold": 15.508570815577652,
      "metrics": {
        "auroc": 0.6811594202898551,
        "f1": 0.8343558282208589,
        "precision": 0.723404255319149,
        "recall": 0.9855072463768116,
        "threshold": 15.508570815577652,
        "threshold_range": [
          0.0,
          25.589141845703125
        ],