{
  "incorrect_direction": {
    "embedding": 13.5390625,
    "layer_0_attn_o": 0.4638671875,
    "layer_0_mlp_down": 0.70947265625,
    "layer_1_attn_o": 0.4658203125,
    "layer_1_mlp_down": 0.6904296875,
    "layer_2_attn_o": 0.4951171875,
    "layer_2_mlp_down": 0.7041015625,
    "layer_3_attn_o": 0.458251953125,
    "layer_3_mlp_down": 0.7529296875,
    "layer_4_attn_o": 0.453369140625,
    "layer_4_mlp_down": 0.7099609375,
    "layer_5_attn_o": 0.50341796875,
    "layer_5_mlp_down": 0.69140625,
    "layer_6_attn_o": 0.46630859375,
    "layer_6_mlp_down": 0.7080078125,
    "layer_7_attn_o": 0.477294921875,
    "layer_7_mlp_down": 0.72314453125,
    "layer_8_attn_o": 0.51953125,
    "layer_8_mlp_down": 0.71044921875,
    "layer_9_attn_o": 0.51611328125,
    "layer_9_mlp_down": 0.69580078125,
    "layer_10_attn_o": 0.48828125,
    "layer_10_mlp_down": 0.6884765625,
    "layer_11_attn_o": 0.486572265625,
    "layer_11_mlp_down": 0.68212890625,
    "layer_12_attn_o": 0.487060546875,
    "layer_12_mlp_down": 0.681640625,
    "layer_13_attn_o": 0.478515625,
    "layer_13_mlp_down": 0.69140625,
    "layer_14_attn_o": 0.45458984375,
    "layer_14_mlp_down": 0.701171875,
    "layer_15_attn_o": 0.501953125,
    "layer_15_mlp_down": 0.70263671875,
    "layer_16_attn_o": 0.51513671875,
    "layer_16_mlp_down": 0.705078125,
    "layer_17_attn_o": 0.52197265625,
    "layer_17_mlp_down": 0.7099609375,
    "layer_18_attn_o": 0.65869140625,
    "layer_18_mlp_down": 0.69482421875,
    "layer_19_attn_o": 0.50537109375,
    "layer_19_mlp_down": 0.744140625,
    "layer_20_attn_o": 0.5703125,
    "layer_20_mlp_down": 0.85205078125,
    "layer_21_attn_o": 0.50927734375,
    "layer_21_mlp_down": 0.9404296875,
    "layer_22_attn_o": 0.426025390625,
    "layer_22_mlp_down": 1.1103515625,
    "layer_23_attn_o": 0.73193359375,
    "layer_23_mlp_down": 1.0791015625,
    "layer_24_attn_o": 0.48046875,
    "layer_24_mlp_down": 0.8203125,
    "layer_25_attn_o": 0.64990234375,
    "layer_25_mlp_down": 0.67626953125
  },
  "correct_direction": {
    "embedding": 19.8125,
    "layer_0_attn_o": 0.492919921875,
    "layer_0_mlp_down": 0.73828125,
    "layer_1_attn_o": 0.5263671875,
    "layer_1_mlp_down": 0.7265625,
    "layer_2_attn_o": 0.494873046875,
    "layer_2_mlp_down": 0.7353515625,
    "layer_3_attn_o": 0.51123046875,
    "layer_3_mlp_down": 0.71435546875,
    "layer_4_attn_o": 0.4873046875,
    "layer_4_mlp_down": 0.72509765625,
    "layer_5_attn_o": 0.50634765625,
    "layer_5_mlp_down": 0.69189453125,
    "layer_6_attn_o": 0.5,
    "layer_6_mlp_down": 0.69921875,
    "layer_7_attn_o": 0.4833984375,
    "layer_7_mlp_down": 0.70361328125,
    "layer_8_attn_o": 0.49853515625,
    "layer_8_mlp_down": 0.72509765625,
    "layer_9_attn_o": 0.485595703125,
    "layer_9_mlp_down": 0.7265625,
    "layer_10_attn_o": 0.49951171875,
    "layer_10_mlp_down": 0.7119140625,
    "layer_11_attn_o": 0.4609375,
    "layer_11_mlp_down": 0.69970703125,
    "layer_12_attn_o": 0.492919921875,
    "layer_12_mlp_down": 0.70556640625,
    "layer_13_attn_o": 0.488525390625,
    "layer_13_mlp_down": 0.70849609375,
    "layer_14_attn_o": 0.479248046875,
    "layer_14_mlp_down": 0.71142578125,
    "layer_15_attn_o": 0.453369140625,
    "layer_15_mlp_down": 0.7001953125,
    "layer_16_attn_o": 0.41650390625,
    "layer_16_mlp_down": 0.703125,
    "layer_17_attn_o": 0.4755859375,
    "layer_17_mlp_down": 0.69580078125,
    "layer_18_attn_o": 0.466552734375,
    "layer_18_mlp_down": 0.701171875,
    "layer_19_attn_o": 0.4833984375,
    "layer_19_mlp_down": 0.71484375,
    "layer_20_attn_o": 0.49853515625,
    "layer_20_mlp_down": 0.7041015625,
    "layer_21_attn_o": 0.466552734375,
    "layer_21_mlp_down": 0.72021484375,
    "layer_22_attn_o": 0.469482421875,
    "layer_22_mlp_down": 0.701171875,
    "layer_23_attn_o": 0.5107421875,
    "layer_23_mlp_down": 0.71728515625,
    "layer_24_attn_o": 0.51171875,
    "layer_24_mlp_down": 0.72705078125,
    "layer_25_attn_o": 0.4541015625,
    "layer_25_mlp_down": 0.68798828125
  }
}