{
  "zero_disc_feature": {
    "layer": 1,
    "feature_idx": 4801,
    "separation_score": 0.0,
    "freq_correct": 1.0,
    "freq_incorrect": 1.0
  },
  "weight_changes": {
    "embedding": 24.515625,
    "layer_0_attn_o": 0.54541015625,
    "layer_0_mlp_down": 1.150390625,
    "layer_1_attn_o": 0.59130859375,
    "layer_1_mlp_down": 1.1083984375,
    "layer_2_attn_o": 0.716796875,
    "layer_2_mlp_down": 0.69091796875,
    "layer_3_attn_o": 0.626953125,
    "layer_3_mlp_down": 0.6806640625,
    "layer_4_attn_o": 0.505859375,
    "layer_4_mlp_down": 0.67236328125,
    "layer_5_attn_o": 0.60107421875,
    "layer_5_mlp_down": 0.67822265625,
    "layer_6_attn_o": 0.513671875,
    "layer_6_mlp_down": 0.72705078125,
    "layer_7_attn_o": 0.58056640625,
    "layer_7_mlp_down": 0.70068359375,
    "layer_8_attn_o": 0.50341796875,
    "layer_8_mlp_down": 0.70361328125,
    "layer_9_attn_o": 0.6591796875,
    "layer_9_mlp_down": 0.69482421875,
    "layer_10_attn_o": 0.62451171875,
    "layer_10_mlp_down": 0.69677734375,
    "layer_11_attn_o": 0.53515625,
    "layer_11_mlp_down": 0.68701171875,
    "layer_12_attn_o": 0.5888671875,
    "layer_12_mlp_down": 0.7001953125,
    "layer_13_attn_o": 0.5478515625,
    "layer_13_mlp_down": 0.6728515625,
    "layer_14_attn_o": 0.5185546875,
    "layer_14_mlp_down": 0.6845703125,
    "layer_15_attn_o": 0.5224609375,
    "layer_15_mlp_down": 0.69873046875,
    "layer_16_attn_o": 0.445556640625,
    "layer_16_mlp_down": 0.66650390625,
    "layer_17_attn_o": 0.481201171875,
    "layer_17_mlp_down": 0.6875,
    "layer_18_attn_o": 0.489990234375,
    "layer_18_mlp_down": 0.6787109375,
    "layer_19_attn_o": 0.4892578125,
    "layer_19_mlp_down": 0.69140625,
    "layer_20_attn_o": 0.483154296875,
    "layer_20_mlp_down": 0.693359375,
    "layer_21_attn_o": 0.486328125,
    "layer_21_mlp_down": 0.69482421875,
    "layer_22_attn_o": 0.481689453125,
    "layer_22_mlp_down": 0.685546875,
    "layer_23_attn_o": 0.48095703125,
    "layer_23_mlp_down": 0.6953125,
    "layer_24_attn_o": 0.488525390625,
    "layer_24_mlp_down": 0.69921875,
    "layer_25_attn_o": 0.451416015625,
    "layer_25_mlp_down": 0.67236328125
  }
}